item,value
matched_or_discovered_subject_sessions,1
with_slice_timing_metric_rows,1
without_slice_timing_metric_rows,1
preferred_method_count__with_slice_timing,1
median__outlier_slice_pct__with_slice_timing,
median__outlier_slice_pct__without_slice_timing,
outlier_slice_pct__winner_count__with_slice_timing,0
outlier_slice_pct__winner_count__without_slice_timing,0
outlier_slice_pct__winner_count__tie,0
outlier_slice_pct__winner_count__unavailable,1
median__outlier_volume_pct__with_slice_timing,
median__outlier_volume_pct__without_slice_timing,
outlier_volume_pct__winner_count__with_slice_timing,0
outlier_volume_pct__winner_count__without_slice_timing,0
outlier_volume_pct__winner_count__tie,0
outlier_volume_pct__winner_count__unavailable,1
median__mean_outlier_n_stdev__with_slice_timing,
median__mean_outlier_n_stdev__without_slice_timing,
mean_outlier_n_stdev__winner_count__with_slice_timing,0
mean_outlier_n_stdev__winner_count__without_slice_timing,0
mean_outlier_n_stdev__winner_count__tie,0
mean_outlier_n_stdev__winner_count__unavailable,1
median__mean_rel_rms__with_slice_timing,0.13333333333333333
median__mean_rel_rms__without_slice_timing,0.2333333333333333
mean_rel_rms__winner_count__with_slice_timing,1
mean_rel_rms__winner_count__without_slice_timing,0
mean_rel_rms__winner_count__tie,0
mean_rel_rms__winner_count__unavailable,0
median__mean_abs_rms__with_slice_timing,0.3
median__mean_abs_rms__without_slice_timing,0.5
mean_abs_rms__winner_count__with_slice_timing,1
mean_abs_rms__winner_count__without_slice_timing,0
mean_abs_rms__winner_count__tie,0
mean_abs_rms__winner_count__unavailable,0
